{
  "training": {
    "mae": 1.507877230644226,
    "rmse": 2.7187974421428653,
    "r2": 0.9619798064231873
  },
  "test": {
    "mae": 5.83151388168335,
    "rmse": 13.372760335627818,
    "r2": -0.6410447359085083
  },
  "cv_mae_mean": 6.608422470092774,
  "cv_mae_std": 1.5322192917945159,
  "feature_importance": {
    "age_group": 0.14489473402500153,
    "reason_is_medical": 0.09809213876724243,
    "Pet": 0.07889055460691452,
    "Age": 0.06838478893041611,
    "is_monday": 0.0484062097966671,
    "Weight": 0.04442562535405159,
    "Seasons": 0.04235966131091118,
    "Hit target": 0.04069400578737259,
    "Month of absence": 0.0354548841714859,
    "Height": 0.03509080410003662,
    "Transportation expense": 0.033085014671087265,
    "workload_intensity": 0.032023731619119644,
    "Social drinker": 0.03182513639330864,
    "Education": 0.030965756624937057,
    "Body mass index": 0.029862403869628906,
    "Work load Average/day ": 0.02828691527247429,
    "Reason for absence": 0.028031999245285988,
    "Day of the week": 0.025589503347873688,
    "Distance from Residence to Work": 0.024593492969870567,
    "Son": 0.024360381066799164,
    "Social smoker": 0.02422703243792057,
    "bmi_category": 0.019602300599217415,
    "Service time": 0.014755933545529842,
    "Disciplinary failure": 0.011574052274227142,
    "is_friday": 0.004522884264588356
  }
}